-- Migration: clients → accounts + customers + contacts
-- 76 records from old clients table

-- Step 1: Insert into accounts (preserving original IDs)
INSERT INTO accounts (id, display_name, legal_name, account_kind, status, notes, created_at, updated_at, metadata) VALUES
('8be37927-cd97-4866-867a-91c37407d3e0', 'شركه الشمال الجديد للمقاولات', 'شركه الشمال الجديد للمقاولات', 'company', 'active', NULL, '2026-01-18 14:22:55.829925+00', '2026-01-18 14:22:55.829925+00', '{"migrated_from": "clients"}'),
('80b86246-aa0b-425e-900b-4988ef18075c', 'شركه رصف للتطوير العقاري', 'شركه رصف للتطوير العقاري', 'company', 'active', NULL, '2026-01-18 14:26:27.841352+00', '2026-01-18 14:26:27.841352+00', '{"migrated_from": "clients"}'),
('7fc79cbf-3c97-41af-af84-fd88d305ebdc', 'شركه ماهر المغامس للتطوير العقاري', 'شركه ماهر المغامس للتطوير العقاري', 'company', 'active', NULL, '2026-01-11 16:41:08.908403+00', '2026-01-11 16:41:08.908403+00', '{"migrated_from": "clients"}'),
('f4ef0cc2-f66d-4eb1-9b9a-45298ea0d27c', 'شركه داماك للتطوير العقاري', 'شركه داماك للتطوير العقاري', 'company', 'active', NULL, '2026-01-11 16:50:15.499655+00', '2026-01-11 16:50:15.499655+00', '{"migrated_from": "clients"}'),
('9d0af433-2ec6-4635-9c5e-478c5f1b3fac', 'شركة الحضارة الانشائية للمقاولات', 'شركة الحضارة الانشائية للمقاولات', 'company', 'active', NULL, '2026-01-13 17:47:19.41001+00', '2026-01-13 17:47:19.41001+00', '{"migrated_from": "clients"}'),
('44eb4108-d10b-4f8b-9daa-9c9fc942276b', 'شركه داريا العربيه المحدوده', 'شركه داريا العربيه المحدوده', 'company', 'active', NULL, '2026-01-17 10:23:13.831774+00', '2026-01-17 10:23:13.831774+00', '{"migrated_from": "clients"}'),
('a00c76a6-8572-4fec-9f45-fe37547c95e6', 'شركه بلوكس للتشييد', 'شركه بلوكس للتشييد', 'company', 'active', NULL, '2026-01-17 10:35:42.539738+00', '2026-01-17 10:35:42.539738+00', '{"migrated_from": "clients"}'),
('3d1c0494-414f-4003-959b-da2b29ba6fc5', 'مؤسسه الإتقان والقوه للمقاولات', 'مؤسسه الإتقان والقوه للمقاولات', 'company', 'active', NULL, '2026-01-17 10:40:46.140668+00', '2026-01-17 10:40:46.140668+00', '{"migrated_from": "clients"}'),
('f9601d4c-7bbf-4214-b51d-96445ed8f7d0', 'مؤسسه معالم نمار للمقاولات', 'مؤسسه معالم نمار للمقاولات', 'company', 'active', NULL, '2026-01-17 10:49:00.192136+00', '2026-01-17 10:49:00.192136+00', '{"migrated_from": "clients"}'),
('c908c2cf-033a-4056-bcd2-dc2291307a4c', 'شركه طموح المملكه للمقاولات', 'شركه طموح المملكه للمقاولات', 'company', 'active', NULL, '2026-01-17 10:55:38.193372+00', '2026-01-17 10:55:38.193372+00', '{"migrated_from": "clients"}'),
('425ea935-204f-432a-bb0b-b70c1b725c92', 'شركه العمران الحديث للمقاولات', 'شركه العمران الحديث للمقاولات', 'company', 'active', NULL, '2026-01-17 11:01:49.076519+00', '2026-01-17 11:01:49.076519+00', '{"migrated_from": "clients"}'),
('8812a04c-5e0c-4da6-98b7-68d2f90a89b4', 'شركه بلدا السعوديه', 'شركه بلدا السعوديه', 'company', 'active', NULL, '2026-01-17 11:09:13.470457+00', '2026-01-17 11:09:13.470457+00', '{"migrated_from": "clients"}'),
('7dfc5123-3e28-437b-bc8a-e96f41e7881b', 'شركه ماسه نجد', 'شركه ماسه نجد', 'company', 'active', NULL, '2026-01-17 11:17:47.363959+00', '2026-01-17 11:17:47.363959+00', '{"migrated_from": "clients"}'),
('56bd1e6c-0747-4772-a044-f79867a8fb49', 'شركه الديار الخضراء للمقاولات', 'شركه الديار الخضراء للمقاولات', 'company', 'active', NULL, '2026-01-17 11:29:20.636024+00', '2026-01-17 11:29:20.636024+00', '{"migrated_from": "clients"}'),
('f2891238-9543-4902-9d04-fbc4020fe97b', 'مؤسسه الشهباء للمقاولات', 'مؤسسه الشهباء للمقاولات', 'company', 'active', NULL, '2026-01-17 11:37:03.433895+00', '2026-01-17 11:37:03.433895+00', '{"migrated_from": "clients"}'),
('9664ac41-9fd5-4d57-8d04-e7233ee878d8', 'مؤسسه هضاب للمقاولات', 'مؤسسه هضاب للمقاولات', 'company', 'active', NULL, '2026-01-17 15:13:38.490972+00', '2026-01-17 15:13:38.490972+00', '{"migrated_from": "clients"}'),
('c9f1a73e-fb12-4a36-b889-eebefe79cdf5', 'مؤسسه دانه الرياض للمقاولات', 'مؤسسه دانه الرياض للمقاولات', 'company', 'active', NULL, '2026-01-17 15:17:42.795158+00', '2026-01-17 15:17:42.795158+00', '{"migrated_from": "clients"}'),
('b1aed73b-f2c4-457c-ab2a-7fa5d37a597d', 'شركه تموج المحدوده', 'شركه تموج المحدوده', 'company', 'active', NULL, '2026-01-17 15:22:55.488664+00', '2026-01-17 15:22:55.488664+00', '{"migrated_from": "clients"}'),
('9ca1870b-efb4-4324-a1a5-8260f8e27b02', 'شركه كيان الخليج العالميه للمقاولات', 'شركه كيان الخليج العالميه للمقاولات', 'company', 'active', NULL, '2026-01-17 15:29:40.861192+00', '2026-01-17 15:29:40.861192+00', '{"migrated_from": "clients"}'),
('c734a349-e886-4be1-8693-4c0c6e5cfa84', 'شركه متين للتطوير العقاري', 'شركه متين للتطوير العقاري', 'company', 'active', NULL, '2026-01-17 15:34:22.690395+00', '2026-01-17 15:34:22.690395+00', '{"migrated_from": "clients"}'),
('e18e2bd3-e376-47a6-b833-aea933388ff8', 'مؤسسه سعود الفقيه للمقاولات', 'مؤسسه سعود الفقيه للمقاولات', 'company', 'active', NULL, '2026-01-17 15:37:23.182779+00', '2026-01-17 15:37:23.182779+00', '{"migrated_from": "clients"}'),
('e9c960a6-55a9-447f-9993-3589568f2e59', 'مؤسسه قمه الإنجاز العالميه للمقاولات', 'مؤسسه قمه الإنجاز العالميه للمقاولات', 'company', 'active', NULL, '2026-01-17 15:43:24.856266+00', '2026-01-17 15:43:24.856266+00', '{"migrated_from": "clients"}'),
('88d23f84-9417-4b44-b47a-00a6858594a8', 'ابو عبدالله الغامدي', 'ابو عبدالله الغامدي', 'individual', 'active', NULL, '2026-01-17 15:47:13.69999+00', '2026-01-17 15:47:13.69999+00', '{"migrated_from": "clients"}'),
('8e96b064-6fdc-4e6b-9c8e-4cd8db13a8c2', 'أسس البرج المتين', 'أسس البرج المتين', 'company', 'active', NULL, '2026-01-17 15:51:29.321702+00', '2026-01-17 15:51:29.321702+00', '{"migrated_from": "clients"}'),
('bfd19a43-6518-4f6a-94c8-2dbe760ff01e', 'مؤسسه أحمد سعيدان ال سالم للمقاولات', 'مؤسسه أحمد سعيدان ال سالم للمقاولات', 'company', 'active', NULL, '2026-01-18 14:10:54.284897+00', '2026-01-18 14:10:54.284897+00', '{"migrated_from": "clients"}'),
('f8d1c1ae-e958-4689-8e6b-7a3b2f8417ff', 'مؤسسه موارد الغرب للمقاولات العامه', 'مؤسسه موارد الغرب للمقاولات العامه', 'company', 'active', NULL, '2026-01-18 14:15:13.186672+00', '2026-01-18 14:15:13.186672+00', '{"migrated_from": "clients"}'),
('0da94034-d5c2-44d1-9817-c0924875d8de', 'مؤسسه العقل للمقاولات', 'مؤسسه العقل للمقاولات', 'company', 'active', NULL, '2026-01-18 14:18:48.176316+00', '2026-01-18 14:18:48.176316+00', '{"migrated_from": "clients"}'),
('089f4062-68af-4f7a-998e-5b85e5a6eb13', 'شركه شعلان للمقاولات', 'شركه شعلان للمقاولات', 'company', 'active', NULL, '2026-01-18 14:30:26.887856+00', '2026-01-18 14:30:26.887856+00', '{"migrated_from": "clients"}'),
('c942fbb3-9c80-4269-8197-023978294af6', 'شركه العماره المميزه للمقاولات', 'شركه العماره المميزه للمقاولات', 'company', 'active', NULL, '2026-01-18 14:35:35.826152+00', '2026-01-18 14:35:35.826152+00', '{"migrated_from": "clients"}'),
('4557b3c7-b7f1-476e-b157-cf9127a12fe7', 'شركه ربوع الاتحاد للمقاولات', 'شركه ربوع الاتحاد للمقاولات', 'company', 'active', NULL, '2026-01-18 14:39:21.323154+00', '2026-01-18 14:39:21.323154+00', '{"migrated_from": "clients"}'),
('4994a069-0b5a-4a39-b46a-b41aedb40818', 'شركه نساك للمقاولات', 'شركه نساك للمقاولات', 'company', 'active', NULL, '2026-01-18 14:43:04.727648+00', '2026-01-18 14:43:04.727648+00', '{"migrated_from": "clients"}'),
('13ddabff-eeb8-403d-ba8b-2a4a92f4c892', 'شركه بناء وإبداع للمقاولات', 'شركه بناء وإبداع للمقاولات', 'company', 'active', NULL, '2026-01-18 14:47:13.45308+00', '2026-01-18 14:47:13.45308+00', '{"migrated_from": "clients"}'),
('f84b1fb5-9c66-4a2f-be25-62f1ee688190', 'شركه ماد العقاريه', 'شركه ماد العقاريه', 'company', 'active', NULL, '2026-01-18 16:56:21.288303+00', '2026-01-18 16:56:21.288303+00', '{"migrated_from": "clients"}'),
('628121f3-07c8-4ed7-b290-1933045720be', 'شركه معيار للمقاولات', 'شركه معيار للمقاولات', 'company', 'active', NULL, '2026-01-18 17:02:03.972173+00', '2026-01-18 17:02:03.972173+00', '{"migrated_from": "clients"}'),
('30fa78c8-40c9-487f-9b61-67f914ec5537', 'مؤسسه دار الريان للتطوير العقاري', 'مؤسسه دار الريان للتطوير العقاري', 'company', 'active', NULL, '2026-01-18 17:06:17.335564+00', '2026-01-18 17:06:17.335564+00', '{"migrated_from": "clients"}'),
('de914e73-ec80-4c20-99fe-5cd398cff760', 'شموخ التعاون للتجاره', 'شموخ التعاون للتجاره', 'company', 'active', NULL, '2026-01-18 17:11:09.025434+00', '2026-01-18 17:11:09.025434+00', '{"migrated_from": "clients"}'),
('b8fa75f9-6486-4d03-89fe-0775a36c27e7', 'شركه التنفيذ المميز للمقاولات', 'شركه التنفيذ المميز للمقاولات', 'company', 'active', NULL, '2026-01-18 17:16:51.043004+00', '2026-01-18 17:16:51.043004+00', '{"migrated_from": "clients"}'),
('d3c6e77d-0949-4113-9a94-9a196217aa4f', 'شركه تحالف الجزيره للمقاولات', 'شركه تحالف الجزيره للمقاولات', 'company', 'active', NULL, '2026-01-18 17:29:14.728055+00', '2026-01-18 17:29:14.728055+00', '{"migrated_from": "clients"}'),
('023e5d67-c639-4685-af52-fdf23fe47a4c', 'مؤسسه جيت ماجنوس للمقاولات', 'مؤسسه جيت ماجنوس للمقاولات', 'company', 'active', NULL, '2026-01-18 17:33:32.327269+00', '2026-01-18 17:33:32.327269+00', '{"migrated_from": "clients"}'),
('96149e2c-7d4a-4fef-bff7-000115bb7cc3', 'شركه مباني ارك للمقاولات', 'شركه مباني ارك للمقاولات', 'company', 'active', NULL, '2026-01-18 17:44:55.827431+00', '2026-01-18 17:44:55.827431+00', '{"migrated_from": "clients"}'),
('768bc8f1-e274-487b-b579-e50127aba468', 'مؤسسه افال للمقاولات', 'مؤسسه افال للمقاولات', 'company', 'active', NULL, '2026-01-18 17:49:44.282276+00', '2026-01-18 17:49:44.282276+00', '{"migrated_from": "clients"}'),
('dbb319cf-1114-4bb5-8997-669ae6adbd86', 'مؤسسه منيفه عبدالله للمقاولات العامه', 'مؤسسه منيفه عبدالله للمقاولات العامه', 'company', 'active', NULL, '2026-01-18 17:53:58.796539+00', '2026-01-18 17:53:58.796539+00', '{"migrated_from": "clients"}'),
('e8bba952-bcf3-4d38-a19f-9379a562c617', 'شركه القطر المهنيه للمقاولات', 'شركه القطر المهنيه للمقاولات', 'company', 'active', NULL, '2026-01-19 16:02:43.402326+00', '2026-01-19 16:02:43.402326+00', '{"migrated_from": "clients"}'),
('f5538f6d-8d80-4465-bafb-aca65f880768', 'شركه مشاريع الثريا العقاريه', 'شركه مشاريع الثريا العقاريه', 'company', 'active', NULL, '2026-01-19 16:10:16.985805+00', '2026-01-19 16:10:16.985805+00', '{"migrated_from": "clients"}'),
('057c6a00-f8dc-4134-ba66-85403f3d992b', 'شركه عنان الجزيره للمقاولات العامه', 'شركه عنان الجزيره للمقاولات العامه', 'company', 'active', NULL, '2026-01-19 16:15:58.880063+00', '2026-01-19 16:15:58.880063+00', '{"migrated_from": "clients"}'),
('b0a17b50-8169-4ec2-a60f-e8a7a18aed45', 'ابو عبد الرحمن للمقاولات', 'ابو عبد الرحمن للمقاولات', 'individual', 'active', NULL, '2026-01-19 16:20:04.761684+00', '2026-01-19 16:20:04.761684+00', '{"migrated_from": "clients"}'),
('c91bfd91-9e6d-4a4f-b044-5b0bcaebaecb', 'شركه تل الرياده للمقاولات', 'شركه تل الرياده للمقاولات', 'company', 'active', NULL, '2026-01-19 16:24:12.8345+00', '2026-01-19 16:24:12.8345+00', '{"migrated_from": "clients"}'),
('eb748f94-3462-418a-8f6b-237d2279b66f', 'مؤسسه العقل للمقاولات العامه', 'مؤسسه العقل للمقاولات العامه', 'company', 'active', NULL, '2026-01-19 16:28:29.315959+00', '2026-01-19 16:28:29.315959+00', '{"migrated_from": "clients"}'),
('eb5ee413-1780-4cd8-b108-78f61740a294', 'شركه قوام التعمير للمقاولات', 'شركه قوام التعمير للمقاولات', 'company', 'active', NULL, '2026-01-19 16:31:36.990994+00', '2026-01-19 16:31:36.990994+00', '{"migrated_from": "clients"}'),
('08884c00-cc6d-4b86-8296-be850253c6fb', 'شركه البناؤون السعوديون للمقاولات', 'شركه البناؤون السعوديون للمقاولات', 'company', 'active', NULL, '2026-01-19 16:34:44.948346+00', '2026-01-19 16:34:44.948346+00', '{"migrated_from": "clients"}'),
('660e9cb1-e51a-4aa5-b65e-bf22d5c447e2', 'مؤسسه العثمان للمقاولات العامه', 'مؤسسه العثمان للمقاولات العامه', 'company', 'active', NULL, '2026-01-19 17:37:58.237404+00', '2026-01-19 17:37:58.237404+00', '{"migrated_from": "clients"}'),
('971cb2f8-3c38-4602-85a6-b62388450c0e', 'شركه ماز الأعمار للمقاولات', 'شركه ماز الأعمار للمقاولات', 'company', 'active', NULL, '2026-01-19 17:41:16.429887+00', '2026-01-19 17:41:16.429887+00', '{"migrated_from": "clients"}'),
('87b0c9d2-2653-494c-adbe-3ae8e06a38af', 'شركه الوصل الأولى للمقاولات', 'شركه الوصل الأولى للمقاولات', 'company', 'active', NULL, '2026-01-19 17:44:33.015867+00', '2026-01-19 17:44:33.015867+00', '{"migrated_from": "clients"}'),
('ccaac7c9-5cc7-41fb-94ab-af853d1704a2', 'شركه اساس إيناس العقاريه', 'شركه اساس إيناس العقاريه', 'company', 'active', NULL, '2026-01-19 17:47:29.526089+00', '2026-01-19 17:47:29.526089+00', '{"migrated_from": "clients"}'),
('9fb9257b-a0eb-4642-ab73-06244d4f7d64', 'كود للتطوير والاستثمار العقارب', 'كود للتطوير والاستثمار العقارب', 'company', 'active', NULL, '2026-01-19 17:53:18.943221+00', '2026-01-19 17:53:18.943221+00', '{"migrated_from": "clients"}'),
('a4b972ad-90b3-475f-aa3a-0844919deadc', 'شركه الرايه الإنشائية للمقاولات', 'شركه الرايه الإنشائية للمقاولات', 'company', 'active', NULL, '2026-01-22 15:44:47.170853+00', '2026-01-22 15:44:47.170853+00', '{"migrated_from": "clients"}'),
('5caf2d04-8197-4184-81e5-50ca58ddf496', 'شركه قلاع الجزيره للمقاولات', 'شركه قلاع الجزيره للمقاولات', 'company', 'active', NULL, '2026-01-22 15:47:32.657433+00', '2026-01-22 15:47:32.657433+00', '{"migrated_from": "clients"}'),
('7baf19d3-c64c-429a-802f-3b16e9d5ec24', 'شركه ارتكاز البناء للمقاولات', 'شركه ارتكاز البناء للمقاولات', 'company', 'active', NULL, '2026-01-22 15:50:59.505285+00', '2026-01-22 15:50:59.505285+00', '{"migrated_from": "clients"}'),
('a0c54323-4918-4a5b-9206-fc528f37e25a', 'مؤسسه العبير الحديثه للمقاولات العامه', 'مؤسسه العبير الحديثه للمقاولات العامه', 'company', 'active', NULL, '2026-01-22 16:31:11.36086+00', '2026-01-22 16:31:11.36086+00', '{"migrated_from": "clients"}'),
('d7f1437f-9c96-42d9-a38f-0a662ab6a070', 'شركه رتيل الشرق للمقاولات', 'شركه رتيل الشرق للمقاولات', 'company', 'active', NULL, '2026-01-22 16:37:50.731292+00', '2026-01-22 16:37:50.731292+00', '{"migrated_from": "clients"}'),
('ebf8900c-1e66-4010-af7f-1286e577b9d3', 'Made للمقاولات', 'Made للمقاولات', 'company', 'active', NULL, '2026-01-22 16:43:45.642942+00', '2026-01-22 16:43:45.642942+00', '{"migrated_from": "clients"}'),
('a8edf175-722e-4f7f-86c3-7dc417323e61', 'مؤسسه رمز العذوب للمقاولات', 'مؤسسه رمز العذوب للمقاولات', 'company', 'active', NULL, '2026-01-22 16:47:18.854794+00', '2026-01-22 16:47:18.854794+00', '{"migrated_from": "clients"}'),
('a640b381-5f99-47f8-8ca2-9ded8dc65e57', 'مؤسسه تستبين للمقاولات', 'مؤسسه تستبين للمقاولات', 'company', 'active', NULL, '2026-01-22 16:50:22.476689+00', '2026-01-22 16:50:22.476689+00', '{"migrated_from": "clients"}'),
('d9e9386d-c185-4385-8f8f-e7cecad7a4a8', 'مؤسسه يوسف محمد جلوي المصلوخ للمقاولات العامه', 'مؤسسه يوسف محمد جلوي المصلوخ للمقاولات العامه', 'company', 'active', NULL, '2026-01-22 16:53:47.680324+00', '2026-01-22 16:53:47.680324+00', '{"migrated_from": "clients"}'),
('f057119a-da40-46fd-b277-d4a8a751af56', 'شركه أسس القمه للمقاولات', 'شركه أسس القمه للمقاولات', 'company', 'active', NULL, '2026-01-22 16:56:04.891491+00', '2026-01-22 16:56:04.891491+00', '{"migrated_from": "clients"}'),
('bfcfa1c6-3eea-4f64-a036-12bb4c8ca7cb', 'شركه زون المعماريه', 'شركه زون المعماريه', 'company', 'active', NULL, '2026-01-22 16:58:54.762176+00', '2026-01-22 16:58:54.762176+00', '{"migrated_from": "clients"}'),
('4a15869b-69b0-40e0-8761-d0f752c9db76', 'شركه الهفوف للمقاولات العامه', 'شركه الهفوف للمقاولات العامه', 'company', 'active', NULL, '2026-01-22 17:06:49.756492+00', '2026-01-22 17:06:49.756492+00', '{"migrated_from": "clients"}'),
('5ca159bb-2d55-4dae-a1a8-666a4017a376', 'شركه إعمار الانشائات للمقاولات', 'شركه إعمار الانشائات للمقاولات', 'company', 'active', NULL, '2026-01-22 17:11:14.035118+00', '2026-01-22 17:11:14.035118+00', '{"migrated_from": "clients"}'),
('e7291b26-ca59-4951-bd40-db7a7bced577', 'مؤسسه منصه النهضه للمقاولات', 'مؤسسه منصه النهضه للمقاولات', 'company', 'active', NULL, '2026-01-22 17:15:35.497046+00', '2026-01-22 17:15:35.497046+00', '{"migrated_from": "clients"}'),
('2f9d2700-2654-4b04-901c-09bbd915be2c', 'شركه البناء الثابت للمقاولات', 'شركه البناء الثابت للمقاولات', 'company', 'active', NULL, '2026-01-22 17:20:40.403526+00', '2026-01-22 17:20:40.403526+00', '{"migrated_from": "clients"}'),
('940a66b9-de39-42b8-b72e-9b0c052298ed', 'مؤسسه خيال الإمارات للمقاولت', 'مؤسسه خيال الإمارات للمقاولت', 'company', 'active', NULL, '2026-01-22 17:38:00.860844+00', '2026-01-22 17:38:00.860844+00', '{"migrated_from": "clients"}'),
('33eea4ab-1512-44ea-bf1e-ec39a6f98dc2', 'شركه التلال الزرقاء للمقاولات', 'شركه التلال الزرقاء للمقاولات', 'company', 'active', NULL, '2026-01-22 17:42:09.08001+00', '2026-01-22 17:42:09.08001+00', '{"migrated_from": "clients"}'),
('2bf3c67c-06e3-474a-b311-e56db624e066', 'مؤسسه أرض المصمم للمقاولات', 'مؤسسه أرض المصمم للمقاولات', 'company', 'active', NULL, '2026-01-22 17:45:51.799581+00', '2026-01-22 17:45:51.799581+00', '{"migrated_from": "clients"}'),
('699c631d-2f94-4442-8ef1-eb0ed10d152c', 'مؤسسه ضوء الإنجاز للمقاولات', 'مؤسسه ضوء الإنجاز للمقاولات', 'company', 'active', NULL, '2026-01-22 17:49:20.58364+00', '2026-01-22 17:49:20.58364+00', '{"migrated_from": "clients"}'),
('25953707-781e-4571-8c98-a6780ea81f15', 'شركه مسار الاستثمار للتطوير العقاري', 'شركه مسار الاستثمار للتطوير العقاري', 'company', 'active', NULL, '2026-01-22 17:53:38.378918+00', '2026-01-22 17:53:38.378918+00', '{"migrated_from": "clients"}'),
('9e1d30fa-74a2-4761-b7d0-e6bd15af922e', 'شركه تيجان للاداره المشاريع', 'شركه تيجان للاداره المشاريع', 'company', 'active', NULL, '2026-01-22 17:56:15.478786+00', '2026-01-22 17:56:15.478786+00', '{"migrated_from": "clients"}');

-- Step 2: Insert into customers (with segment mapping)
INSERT INTO customers (account_id, lifecycle_stage, metadata, created_at, updated_at) VALUES
('8be37927-cd97-4866-867a-91c37407d3e0', 'lead', '{"segment": "SME", "old_segment_id": "02253fea-1d49-454d-ab4d-733a00364f0e", "old_assigned_to": "Abdelrahman Mohamed"}', '2026-01-18 14:22:55.829925+00', '2026-01-18 14:22:55.829925+00'),
('80b86246-aa0b-425e-900b-4988ef18075c', 'lead', '{"segment": "RED", "old_segment_id": "49a6e5bf-c5e5-4469-a4bf-2693329a81dd", "old_assigned_to": "Abdelrahman Mohamed"}', '2026-01-18 14:26:27.841352+00', '2026-01-18 14:26:27.841352+00'),
('7fc79cbf-3c97-41af-af84-fd88d305ebdc', 'lead', '{"segment": "RED", "old_segment_id": "49a6e5bf-c5e5-4469-a4bf-2693329a81dd", "old_assigned_to": "Abdelrahman Mohamed"}', '2026-01-11 16:41:08.908403+00', '2026-01-11 16:41:08.908403+00'),
('f4ef0cc2-f66d-4eb1-9b9a-45298ea0d27c', 'lead', '{"segment": "RED", "old_segment_id": "49a6e5bf-c5e5-4469-a4bf-2693329a81dd", "old_assigned_to": "Abdelrahman Mohamed"}', '2026-01-11 16:50:15.499655+00', '2026-01-11 16:50:15.499655+00'),
('9d0af433-2ec6-4635-9c5e-478c5f1b3fac', 'lead', '{"segment": "Large Contractor", "old_segment_id": "97d2fe7f-409f-46f8-94cc-6b7b0d699ad6", "old_assigned_to": "Abdelrahman Mohamed"}', '2026-01-13 17:47:19.41001+00', '2026-01-13 17:47:19.41001+00'),
('44eb4108-d10b-4f8b-9daa-9c9fc942276b', 'lead', '{"segment": "Large Contractor", "old_segment_id": "97d2fe7f-409f-46f8-94cc-6b7b0d699ad6", "old_assigned_to": "Abdelrahman Mohamed"}', '2026-01-17 10:23:13.831774+00', '2026-01-17 10:23:13.831774+00'),
('a00c76a6-8572-4fec-9f45-fe37547c95e6', 'lead', '{"segment": "Large Contractor", "old_segment_id": "97d2fe7f-409f-46f8-94cc-6b7b0d699ad6", "old_assigned_to": "Abdelrahman Mohamed"}', '2026-01-17 10:35:42.539738+00', '2026-01-17 10:35:42.539738+00'),
('3d1c0494-414f-4003-959b-da2b29ba6fc5', 'lead', '{"segment": "SME", "old_segment_id": "02253fea-1d49-454d-ab4d-733a00364f0e", "old_assigned_to": "Abdelrahman Mohamed"}', '2026-01-17 10:40:46.140668+00', '2026-01-17 10:40:46.140668+00'),
('f9601d4c-7bbf-4214-b51d-96445ed8f7d0', 'lead', '{"segment": "SME", "old_segment_id": "02253fea-1d49-454d-ab4d-733a00364f0e", "old_assigned_to": "Abdelrahman Mohamed"}', '2026-01-17 10:49:00.192136+00', '2026-01-17 10:49:00.192136+00'),
('c908c2cf-033a-4056-bcd2-dc2291307a4c', 'lead', '{"segment": "Large Contractor", "old_segment_id": "97d2fe7f-409f-46f8-94cc-6b7b0d699ad6", "old_assigned_to": "Abdelrahman Mohamed"}', '2026-01-17 10:55:38.193372+00', '2026-01-17 10:55:38.193372+00'),
('425ea935-204f-432a-bb0b-b70c1b725c92', 'lead', '{"segment": "Large Contractor", "old_segment_id": "97d2fe7f-409f-46f8-94cc-6b7b0d699ad6", "old_assigned_to": "Abdelrahman Mohamed"}', '2026-01-17 11:01:49.076519+00', '2026-01-17 11:01:49.076519+00'),
('8812a04c-5e0c-4da6-98b7-68d2f90a89b4', 'lead', '{"segment": "RED", "old_segment_id": "49a6e5bf-c5e5-4469-a4bf-2693329a81dd", "old_assigned_to": "Abdelrahman Mohamed"}', '2026-01-17 11:09:13.470457+00', '2026-01-17 11:09:13.470457+00'),
('7dfc5123-3e28-437b-bc8a-e96f41e7881b', 'lead', '{"segment": "Large Contractor", "old_segment_id": "97d2fe7f-409f-46f8-94cc-6b7b0d699ad6", "old_assigned_to": "Abdelrahman Mohamed"}', '2026-01-17 11:17:47.363959+00', '2026-01-17 11:17:47.363959+00'),
('56bd1e6c-0747-4772-a044-f79867a8fb49', 'lead', '{"segment": "Large Contractor", "old_segment_id": "97d2fe7f-409f-46f8-94cc-6b7b0d699ad6", "old_assigned_to": "Abdelrahman Mohamed"}', '2026-01-17 11:29:20.636024+00', '2026-01-17 11:29:20.636024+00'),
('f2891238-9543-4902-9d04-fbc4020fe97b', 'lead', '{"segment": "SME", "old_segment_id": "02253fea-1d49-454d-ab4d-733a00364f0e", "old_assigned_to": "Abdelrahman Mohamed"}', '2026-01-17 11:37:03.433895+00', '2026-01-17 11:37:03.433895+00'),
('9664ac41-9fd5-4d57-8d04-e7233ee878d8', 'lead', '{"segment": "SME", "old_segment_id": "02253fea-1d49-454d-ab4d-733a00364f0e", "old_assigned_to": "Abdelrahman Mohamed"}', '2026-01-17 15:13:38.490972+00', '2026-01-17 15:13:38.490972+00'),
('c9f1a73e-fb12-4a36-b889-eebefe79cdf5', 'lead', '{"segment": "SME", "old_segment_id": "02253fea-1d49-454d-ab4d-733a00364f0e", "old_assigned_to": "Abdelrahman Mohamed"}', '2026-01-17 15:17:42.795158+00', '2026-01-17 15:17:42.795158+00'),
('b1aed73b-f2c4-457c-ab2a-7fa5d37a597d', 'lead', '{"segment": "Large Contractor", "old_segment_id": "97d2fe7f-409f-46f8-94cc-6b7b0d699ad6", "old_assigned_to": "Abdelrahman Mohamed"}', '2026-01-17 15:22:55.488664+00', '2026-01-17 15:22:55.488664+00'),
('9ca1870b-efb4-4324-a1a5-8260f8e27b02', 'lead', '{"segment": "SME", "old_segment_id": "02253fea-1d49-454d-ab4d-733a00364f0e", "old_assigned_to": "Abdelrahman Mohamed"}', '2026-01-17 15:29:40.861192+00', '2026-01-17 15:29:40.861192+00'),
('c734a349-e886-4be1-8693-4c0c6e5cfa84', 'lead', '{"segment": "Large Contractor", "old_segment_id": "97d2fe7f-409f-46f8-94cc-6b7b0d699ad6", "old_assigned_to": "Abdelrahman Mohamed"}', '2026-01-17 15:34:22.690395+00', '2026-01-17 15:34:22.690395+00'),
('e18e2bd3-e376-47a6-b833-aea933388ff8', 'lead', '{"segment": "Large Contractor", "old_segment_id": "97d2fe7f-409f-46f8-94cc-6b7b0d699ad6", "old_assigned_to": "Abdelrahman Mohamed"}', '2026-01-17 15:37:23.182779+00', '2026-01-17 15:37:23.182779+00'),
('e9c960a6-55a9-447f-9993-3589568f2e59', 'lead', '{"segment": "SME", "old_segment_id": "02253fea-1d49-454d-ab4d-733a00364f0e", "old_assigned_to": "Abdelrahman Mohamed"}', '2026-01-17 15:43:24.856266+00', '2026-01-17 15:43:24.856266+00'),
('88d23f84-9417-4b44-b47a-00a6858594a8', 'lead', '{"segment": "Other", "old_segment_id": "c7a5e0cd-9d76-4dff-85c2-6888f08373b8", "old_assigned_to": "Abdelrahman Mohamed"}', '2026-01-17 15:47:13.69999+00', '2026-01-17 15:47:13.69999+00'),
('8e96b064-6fdc-4e6b-9c8e-4cd8db13a8c2', 'lead', '{"segment": "SME", "old_segment_id": "02253fea-1d49-454d-ab4d-733a00364f0e", "old_assigned_to": "Abdelrahman Mohamed"}', '2026-01-17 15:51:29.321702+00', '2026-01-17 15:51:29.321702+00'),
('bfd19a43-6518-4f6a-94c8-2dbe760ff01e', 'lead', '{"segment": "SME", "old_segment_id": "02253fea-1d49-454d-ab4d-733a00364f0e", "old_assigned_to": "Abdelrahman Mohamed"}', '2026-01-18 14:10:54.284897+00', '2026-01-18 14:10:54.284897+00'),
('f8d1c1ae-e958-4689-8e6b-7a3b2f8417ff', 'lead', '{"segment": "SME", "old_segment_id": "02253fea-1d49-454d-ab4d-733a00364f0e", "old_assigned_to": "Abdelrahman Mohamed"}', '2026-01-18 14:15:13.186672+00', '2026-01-18 14:15:13.186672+00'),
('0da94034-d5c2-44d1-9817-c0924875d8de', 'lead', '{"segment": "SME", "old_segment_id": "02253fea-1d49-454d-ab4d-733a00364f0e", "old_assigned_to": "Abdelrahman Mohamed"}', '2026-01-18 14:18:48.176316+00', '2026-01-18 14:18:48.176316+00'),
('089f4062-68af-4f7a-998e-5b85e5a6eb13', 'lead', '{"segment": "Large Contractor", "old_segment_id": "97d2fe7f-409f-46f8-94cc-6b7b0d699ad6", "old_assigned_to": "Abdelrahman Mohamed"}', '2026-01-18 14:30:26.887856+00', '2026-01-18 14:30:26.887856+00'),
('c942fbb3-9c80-4269-8197-023978294af6', 'lead', '{"segment": "Large Contractor", "old_segment_id": "97d2fe7f-409f-46f8-94cc-6b7b0d699ad6", "old_assigned_to": "Abdelrahman Mohamed"}', '2026-01-18 14:35:35.826152+00', '2026-01-18 14:35:35.826152+00'),
('4557b3c7-b7f1-476e-b157-cf9127a12fe7', 'lead', '{"segment": "Large Contractor", "old_segment_id": "97d2fe7f-409f-46f8-94cc-6b7b0d699ad6", "old_assigned_to": "Abdelrahman Mohamed"}', '2026-01-18 14:39:21.323154+00', '2026-01-18 14:39:21.323154+00'),
('4994a069-0b5a-4a39-b46a-b41aedb40818', 'lead', '{"segment": "SME", "old_segment_id": "02253fea-1d49-454d-ab4d-733a00364f0e", "old_assigned_to": "Abdelrahman Mohamed"}', '2026-01-18 14:43:04.727648+00', '2026-01-18 14:43:04.727648+00'),
('13ddabff-eeb8-403d-ba8b-2a4a92f4c892', 'lead', '{"segment": "Large Contractor", "old_segment_id": "97d2fe7f-409f-46f8-94cc-6b7b0d699ad6", "old_assigned_to": "Abdelrahman Mohamed"}', '2026-01-18 14:47:13.45308+00', '2026-01-18 14:47:13.45308+00'),
('f84b1fb5-9c66-4a2f-be25-62f1ee688190', 'lead', '{"segment": "RED", "old_segment_id": "49a6e5bf-c5e5-4469-a4bf-2693329a81dd", "old_assigned_to": "Abdelrahman Mohamed"}', '2026-01-18 16:56:21.288303+00', '2026-01-18 16:56:21.288303+00'),
('628121f3-07c8-4ed7-b290-1933045720be', 'lead', '{"segment": "SME", "old_segment_id": "02253fea-1d49-454d-ab4d-733a00364f0e", "old_assigned_to": "Abdelrahman Mohamed"}', '2026-01-18 17:02:03.972173+00', '2026-01-18 17:02:03.972173+00'),
('30fa78c8-40c9-487f-9b61-67f914ec5537', 'lead', '{"segment": "SME", "old_segment_id": "02253fea-1d49-454d-ab4d-733a00364f0e", "old_assigned_to": "Abdelrahman Mohamed"}', '2026-01-18 17:06:17.335564+00', '2026-01-18 17:06:17.335564+00'),
('de914e73-ec80-4c20-99fe-5cd398cff760', 'lead', '{"segment": "SME", "old_segment_id": "02253fea-1d49-454d-ab4d-733a00364f0e", "old_assigned_to": "Abdelrahman Mohamed"}', '2026-01-18 17:11:09.025434+00', '2026-01-18 17:11:09.025434+00'),
('b8fa75f9-6486-4d03-89fe-0775a36c27e7', 'lead', '{"segment": "Large Contractor", "old_segment_id": "97d2fe7f-409f-46f8-94cc-6b7b0d699ad6", "old_assigned_to": "Abdelrahman Mohamed"}', '2026-01-18 17:16:51.043004+00', '2026-01-18 17:16:51.043004+00'),
('d3c6e77d-0949-4113-9a94-9a196217aa4f', 'lead', '{"segment": "SME", "old_segment_id": "02253fea-1d49-454d-ab4d-733a00364f0e", "old_assigned_to": "Abdelrahman Mohamed"}', '2026-01-18 17:29:14.728055+00', '2026-01-18 17:29:14.728055+00'),
('023e5d67-c639-4685-af52-fdf23fe47a4c', 'lead', '{"segment": "SME", "old_segment_id": "02253fea-1d49-454d-ab4d-733a00364f0e", "old_assigned_to": "Abdelrahman Mohamed"}', '2026-01-18 17:33:32.327269+00', '2026-01-18 17:33:32.327269+00'),
('96149e2c-7d4a-4fef-bff7-000115bb7cc3', 'lead', '{"segment": "Large Contractor", "old_segment_id": "97d2fe7f-409f-46f8-94cc-6b7b0d699ad6", "old_assigned_to": "Abdelrahman Mohamed"}', '2026-01-18 17:44:55.827431+00', '2026-01-18 17:44:55.827431+00'),
('768bc8f1-e274-487b-b579-e50127aba468', 'lead', '{"segment": "SME", "old_segment_id": "02253fea-1d49-454d-ab4d-733a00364f0e", "old_assigned_to": "Abdelrahman Mohamed"}', '2026-01-18 17:49:44.282276+00', '2026-01-18 17:49:44.282276+00'),
('dbb319cf-1114-4bb5-8997-669ae6adbd86', 'lead', '{"segment": "SME", "old_segment_id": "02253fea-1d49-454d-ab4d-733a00364f0e", "old_assigned_to": "Abdelrahman Mohamed"}', '2026-01-18 17:53:58.796539+00', '2026-01-18 17:53:58.796539+00'),
('e8bba952-bcf3-4d38-a19f-9379a562c617', 'lead', '{"segment": "SME", "old_segment_id": "02253fea-1d49-454d-ab4d-733a00364f0e", "old_assigned_to": "Abdelrahman Mohamed"}', '2026-01-19 16:02:43.402326+00', '2026-01-19 16:02:43.402326+00'),
('f5538f6d-8d80-4465-bafb-aca65f880768', 'lead', '{"segment": "Large Contractor", "old_segment_id": "97d2fe7f-409f-46f8-94cc-6b7b0d699ad6", "old_assigned_to": "Abdelrahman Mohamed"}', '2026-01-19 16:10:16.985805+00', '2026-01-19 16:10:16.985805+00'),
('057c6a00-f8dc-4134-ba66-85403f3d992b', 'lead', '{"segment": "Large Contractor", "old_segment_id": "97d2fe7f-409f-46f8-94cc-6b7b0d699ad6", "old_assigned_to": "Abdelrahman Mohamed"}', '2026-01-19 16:15:58.880063+00', '2026-01-19 16:15:58.880063+00'),
('b0a17b50-8169-4ec2-a60f-e8a7a18aed45', 'lead', '{"segment": "Other", "old_segment_id": "c7a5e0cd-9d76-4dff-85c2-6888f08373b8", "old_assigned_to": "Abdelrahman Mohamed"}', '2026-01-19 16:20:04.761684+00', '2026-01-19 16:20:04.761684+00'),
('c91bfd91-9e6d-4a4f-b044-5b0bcaebaecb', 'lead', '{"segment": "Large Contractor", "old_segment_id": "97d2fe7f-409f-46f8-94cc-6b7b0d699ad6", "old_assigned_to": "Abdelrahman Mohamed"}', '2026-01-19 16:24:12.8345+00', '2026-01-19 16:24:12.8345+00'),
('eb748f94-3462-418a-8f6b-237d2279b66f', 'lead', '{"segment": "SME", "old_segment_id": "02253fea-1d49-454d-ab4d-733a00364f0e", "old_assigned_to": "Abdelrahman Mohamed"}', '2026-01-19 16:28:29.315959+00', '2026-01-19 16:28:29.315959+00'),
('eb5ee413-1780-4cd8-b108-78f61740a294', 'lead', '{"segment": "SME", "old_segment_id": "02253fea-1d49-454d-ab4d-733a00364f0e", "old_assigned_to": "Abdelrahman Mohamed"}', '2026-01-19 16:31:36.990994+00', '2026-01-19 16:31:36.990994+00'),
('08884c00-cc6d-4b86-8296-be850253c6fb', 'lead', '{"segment": "Large Contractor", "old_segment_id": "97d2fe7f-409f-46f8-94cc-6b7b0d699ad6", "old_assigned_to": "Abdelrahman Mohamed"}', '2026-01-19 16:34:44.948346+00', '2026-01-19 16:34:44.948346+00'),
('660e9cb1-e51a-4aa5-b65e-bf22d5c447e2', 'lead', '{"segment": "SME", "old_segment_id": "02253fea-1d49-454d-ab4d-733a00364f0e", "old_assigned_to": "Abdelrahman Mohamed"}', '2026-01-19 17:37:58.237404+00', '2026-01-19 17:37:58.237404+00'),
('971cb2f8-3c38-4602-85a6-b62388450c0e', 'lead', '{"segment": "Large Contractor", "old_segment_id": "97d2fe7f-409f-46f8-94cc-6b7b0d699ad6", "old_assigned_to": "Abdelrahman Mohamed"}', '2026-01-19 17:41:16.429887+00', '2026-01-19 17:41:16.429887+00'),
('87b0c9d2-2653-494c-adbe-3ae8e06a38af', 'lead', '{"segment": "SME", "old_segment_id": "02253fea-1d49-454d-ab4d-733a00364f0e", "old_assigned_to": "Abdelrahman Mohamed"}', '2026-01-19 17:44:33.015867+00', '2026-01-19 17:44:33.015867+00'),
('ccaac7c9-5cc7-41fb-94ab-af853d1704a2', 'lead', '{"segment": "Large Contractor", "old_segment_id": "97d2fe7f-409f-46f8-94cc-6b7b0d699ad6", "old_assigned_to": "Abdelrahman Mohamed"}', '2026-01-19 17:47:29.526089+00', '2026-01-19 17:47:29.526089+00'),
('9fb9257b-a0eb-4642-ab73-06244d4f7d64', 'lead', '{"segment": "Large Contractor", "old_segment_id": "97d2fe7f-409f-46f8-94cc-6b7b0d699ad6", "old_assigned_to": "Abdelrahman Mohamed"}', '2026-01-19 17:53:18.943221+00', '2026-01-19 17:53:18.943221+00'),
('a4b972ad-90b3-475f-aa3a-0844919deadc', 'lead', '{"segment": "Large Contractor", "old_segment_id": "97d2fe7f-409f-46f8-94cc-6b7b0d699ad6", "old_assigned_to": "Abdelrahman Mohamed"}', '2026-01-22 15:44:47.170853+00', '2026-01-22 15:44:47.170853+00'),
('5caf2d04-8197-4184-81e5-50ca58ddf496', 'lead', '{"segment": "SME", "old_segment_id": "02253fea-1d49-454d-ab4d-733a00364f0e", "old_assigned_to": "Abdelrahman Mohamed"}', '2026-01-22 15:47:32.657433+00', '2026-01-22 15:47:32.657433+00'),
('7baf19d3-c64c-429a-802f-3b16e9d5ec24', 'lead', '{"segment": "Large Contractor", "old_segment_id": "97d2fe7f-409f-46f8-94cc-6b7b0d699ad6", "old_assigned_to": "Abdelrahman Mohamed"}', '2026-01-22 15:50:59.505285+00', '2026-01-22 15:50:59.505285+00'),
('a0c54323-4918-4a5b-9206-fc528f37e25a', 'lead', '{"segment": "SME", "old_segment_id": "02253fea-1d49-454d-ab4d-733a00364f0e", "old_assigned_to": "Abdelrahman Mohamed"}', '2026-01-22 16:31:11.36086+00', '2026-01-22 16:31:11.36086+00'),
('d7f1437f-9c96-42d9-a38f-0a662ab6a070', 'lead', '{"segment": "Large Contractor", "old_segment_id": "97d2fe7f-409f-46f8-94cc-6b7b0d699ad6", "old_assigned_to": "Abdelrahman Mohamed"}', '2026-01-22 16:37:50.731292+00', '2026-01-22 16:37:50.731292+00'),
('ebf8900c-1e66-4010-af7f-1286e577b9d3', 'lead', '{"segment": "Large Contractor", "old_segment_id": "97d2fe7f-409f-46f8-94cc-6b7b0d699ad6", "old_assigned_to": "Abdelrahman Mohamed"}', '2026-01-22 16:43:45.642942+00', '2026-01-22 16:43:45.642942+00'),
('a8edf175-722e-4f7f-86c3-7dc417323e61', 'lead', '{"segment": "SME", "old_segment_id": "02253fea-1d49-454d-ab4d-733a00364f0e", "old_assigned_to": "Abdelrahman Mohamed"}', '2026-01-22 16:47:18.854794+00', '2026-01-22 16:47:18.854794+00'),
('a640b381-5f99-47f8-8ca2-9ded8dc65e57', 'lead', '{"segment": "SME", "old_segment_id": "02253fea-1d49-454d-ab4d-733a00364f0e", "old_assigned_to": "Abdelrahman Mohamed"}', '2026-01-22 16:50:22.476689+00', '2026-01-22 16:50:22.476689+00'),
('d9e9386d-c185-4385-8f8f-e7cecad7a4a8', 'lead', '{"segment": "Large Contractor", "old_segment_id": "97d2fe7f-409f-46f8-94cc-6b7b0d699ad6", "old_assigned_to": "Abdelrahman Mohamed"}', '2026-01-22 16:53:47.680324+00', '2026-01-22 16:53:47.680324+00'),
('f057119a-da40-46fd-b277-d4a8a751af56', 'lead', '{"segment": "SME", "old_segment_id": "02253fea-1d49-454d-ab4d-733a00364f0e", "old_assigned_to": "Abdelrahman Mohamed"}', '2026-01-22 16:56:04.891491+00', '2026-01-22 16:56:04.891491+00'),
('bfcfa1c6-3eea-4f64-a036-12bb4c8ca7cb', 'lead', '{"segment": "Large Contractor", "old_segment_id": "97d2fe7f-409f-46f8-94cc-6b7b0d699ad6", "old_assigned_to": "Abdelrahman Mohamed"}', '2026-01-22 16:58:54.762176+00', '2026-01-22 16:58:54.762176+00'),
('4a15869b-69b0-40e0-8761-d0f752c9db76', 'lead', '{"segment": "Large Contractor", "old_segment_id": "97d2fe7f-409f-46f8-94cc-6b7b0d699ad6", "old_assigned_to": "Abdelrahman Mohamed"}', '2026-01-22 17:06:49.756492+00', '2026-01-22 17:06:49.756492+00'),
('5ca159bb-2d55-4dae-a1a8-666a4017a376', 'lead', '{"segment": "SME", "old_segment_id": "02253fea-1d49-454d-ab4d-733a00364f0e", "old_assigned_to": "Abdelrahman Mohamed"}', '2026-01-22 17:11:14.035118+00', '2026-01-22 17:11:14.035118+00'),
('e7291b26-ca59-4951-bd40-db7a7bced577', 'lead', '{"segment": "Large Contractor", "old_segment_id": "97d2fe7f-409f-46f8-94cc-6b7b0d699ad6", "old_assigned_to": "Abdelrahman Mohamed"}', '2026-01-22 17:15:35.497046+00', '2026-01-22 17:15:35.497046+00'),
('2f9d2700-2654-4b04-901c-09bbd915be2c', 'lead', '{"segment": "SME", "old_segment_id": "02253fea-1d49-454d-ab4d-733a00364f0e", "old_assigned_to": "Abdelrahman Mohamed"}', '2026-01-22 17:20:40.403526+00', '2026-01-22 17:20:40.403526+00'),
('940a66b9-de39-42b8-b72e-9b0c052298ed', 'lead', '{"segment": "SME", "old_segment_id": "02253fea-1d49-454d-ab4d-733a00364f0e", "old_assigned_to": "Abdelrahman Mohamed"}', '2026-01-22 17:38:00.860844+00', '2026-01-22 17:38:00.860844+00'),
('33eea4ab-1512-44ea-bf1e-ec39a6f98dc2', 'lead', '{"segment": "SME", "old_segment_id": "02253fea-1d49-454d-ab4d-733a00364f0e", "old_assigned_to": "Abdelrahman Mohamed"}', '2026-01-22 17:42:09.08001+00', '2026-01-22 17:42:09.08001+00'),
('2bf3c67c-06e3-474a-b311-e56db624e066', 'lead', '{"segment": "SME", "old_segment_id": "02253fea-1d49-454d-ab4d-733a00364f0e", "old_assigned_to": "Abdelrahman Mohamed"}', '2026-01-22 17:45:51.799581+00', '2026-01-22 17:45:51.799581+00'),
('699c631d-2f94-4442-8ef1-eb0ed10d152c', 'lead', '{"segment": "Large Contractor", "old_segment_id": "97d2fe7f-409f-46f8-94cc-6b7b0d699ad6", "old_assigned_to": "Abdelrahman Mohamed"}', '2026-01-22 17:49:20.58364+00', '2026-01-22 17:49:20.58364+00'),
('25953707-781e-4571-8c98-a6780ea81f15', 'lead', '{"segment": "RED", "old_segment_id": "49a6e5bf-c5e5-4469-a4bf-2693329a81dd", "old_assigned_to": "Abdelrahman Mohamed"}', '2026-01-22 17:53:38.378918+00', '2026-01-22 17:53:38.378918+00'),
('9e1d30fa-74a2-4761-b7d0-e6bd15af922e', 'lead', '{"segment": "SME", "old_segment_id": "02253fea-1d49-454d-ab4d-733a00364f0e", "old_assigned_to": "Abdelrahman Mohamed"}', '2026-01-22 17:56:15.478786+00', '2026-01-22 17:56:15.478786+00');

-- Step 3: Insert into contacts (primary contacts)
INSERT INTO contacts (account_id, full_name, phone, is_primary, prefers_whatsapp, created_at, updated_at) VALUES
('8be37927-cd97-4866-867a-91c37407d3e0', 'لم يرد', '0500501168', true, true, '2026-01-18 14:22:55.829925+00', '2026-01-18 14:22:55.829925+00'),
('80b86246-aa0b-425e-900b-4988ef18075c', 'م. زياد', '0565790082', true, true, '2026-01-18 14:26:27.841352+00', '2026-01-18 14:26:27.841352+00'),
('7fc79cbf-3c97-41af-af84-fd88d305ebdc', 'يوسف', '0548401450', true, true, '2026-01-11 16:41:08.908403+00', '2026-01-11 16:41:08.908403+00'),
('f4ef0cc2-f66d-4eb1-9b9a-45298ea0d27c', 'مصطفي', '0569449392', true, true, '2026-01-11 16:50:15.499655+00', '2026-01-11 16:50:15.499655+00'),
('9d0af433-2ec6-4635-9c5e-478c5f1b3fac', 'خالد', '0504408423', true, true, '2026-01-13 17:47:19.41001+00', '2026-01-13 17:47:19.41001+00'),
('44eb4108-d10b-4f8b-9daa-9c9fc942276b', 'م. عدنان', '0580493000', true, true, '2026-01-17 10:23:13.831774+00', '2026-01-17 10:23:13.831774+00'),
('a00c76a6-8572-4fec-9f45-fe37547c95e6', 'سيد مشتريات', '0551680100', true, true, '2026-01-17 10:35:42.539738+00', '2026-01-17 10:35:42.539738+00'),
('3d1c0494-414f-4003-959b-da2b29ba6fc5', 'م. محمد', '0554025102', true, true, '2026-01-17 10:40:46.140668+00', '2026-01-17 10:40:46.140668+00'),
('f9601d4c-7bbf-4214-b51d-96445ed8f7d0', 'م. موسي', '0500072533', true, true, '2026-01-17 10:49:00.192136+00', '2026-01-17 10:49:00.192136+00'),
('c908c2cf-033a-4056-bcd2-dc2291307a4c', 'م. بندر', '0550511175', true, true, '2026-01-17 10:55:38.193372+00', '2026-01-17 10:55:38.193372+00'),
('425ea935-204f-432a-bb0b-b70c1b725c92', 'م. خالد', '0570350335', true, true, '2026-01-17 11:01:49.076519+00', '2026-01-17 11:01:49.076519+00'),
('8812a04c-5e0c-4da6-98b7-68d2f90a89b4', 'هند الحربي', '0559993721', true, true, '2026-01-17 11:09:13.470457+00', '2026-01-17 11:09:13.470457+00'),
('7dfc5123-3e28-437b-bc8a-e96f41e7881b', 'م. محمد دكرور', '0556040051', true, true, '2026-01-17 11:17:47.363959+00', '2026-01-17 11:17:47.363959+00'),
('56bd1e6c-0747-4772-a044-f79867a8fb49', 'م. عبدالمجيد', '0548111366', true, true, '2026-01-17 11:29:20.636024+00', '2026-01-17 11:29:20.636024+00'),
('f2891238-9543-4902-9d04-fbc4020fe97b', 'م. هشام', '0566240525', true, true, '2026-01-17 11:37:03.433895+00', '2026-01-17 11:37:03.433895+00'),
('9664ac41-9fd5-4d57-8d04-e7233ee878d8', 'حميد ابو حسين', '0504165104', true, true, '2026-01-17 15:13:38.490972+00', '2026-01-17 15:13:38.490972+00'),
('c9f1a73e-fb12-4a36-b889-eebefe79cdf5', 'ابو محمد', '0552860625', true, true, '2026-01-17 15:17:42.795158+00', '2026-01-17 15:17:42.795158+00'),
('b1aed73b-f2c4-457c-ab2a-7fa5d37a597d', 'محمد شريف مشتريات', '0531896664', true, true, '2026-01-17 15:22:55.488664+00', '2026-01-17 15:22:55.488664+00'),
('9ca1870b-efb4-4324-a1a5-8260f8e27b02', 'م. سلطان', '0500016283', true, true, '2026-01-17 15:29:40.861192+00', '2026-01-17 15:29:40.861192+00'),
('c734a349-e886-4be1-8693-4c0c6e5cfa84', 'م. اسلام', '0509940680', true, true, '2026-01-17 15:34:22.690395+00', '2026-01-17 15:34:22.690395+00'),
('e18e2bd3-e376-47a6-b833-aea933388ff8', 'م. محفوظ', '0580186832', true, true, '2026-01-17 15:37:23.182779+00', '2026-01-17 15:37:23.182779+00'),
('e9c960a6-55a9-447f-9993-3589568f2e59', 'م', '0530191917', true, true, '2026-01-17 15:43:24.856266+00', '2026-01-17 15:43:24.856266+00'),
('88d23f84-9417-4b44-b47a-00a6858594a8', 'ابو عبدالله', '0566145193', true, true, '2026-01-17 15:47:13.69999+00', '2026-01-17 15:47:13.69999+00'),
('8e96b064-6fdc-4e6b-9c8e-4cd8db13a8c2', 'م. عبدالرحمن', '0556639106', true, true, '2026-01-17 15:51:29.321702+00', '2026-01-17 15:51:29.321702+00'),
('bfd19a43-6518-4f6a-94c8-2dbe760ff01e', 'لم يرد', '0556722865', true, true, '2026-01-18 14:10:54.284897+00', '2026-01-18 14:10:54.284897+00'),
('f8d1c1ae-e958-4689-8e6b-7a3b2f8417ff', 'تركي الغامدي', '0554733312', true, true, '2026-01-18 14:15:13.186672+00', '2026-01-18 14:15:13.186672+00'),
('0da94034-d5c2-44d1-9817-c0924875d8de', 'ابو فارس', '0501451451', true, true, '2026-01-18 14:18:48.176316+00', '2026-01-18 14:18:48.176316+00'),
('089f4062-68af-4f7a-998e-5b85e5a6eb13', 'مجبور المشرف', '0581299454', true, true, '2026-01-18 14:30:26.887856+00', '2026-01-18 14:30:26.887856+00'),
('c942fbb3-9c80-4269-8197-023978294af6', 'م. نشوان', '0530903756', true, true, '2026-01-18 14:35:35.826152+00', '2026-01-18 14:35:35.826152+00'),
('4557b3c7-b7f1-476e-b157-cf9127a12fe7', 'م. محمد', '0545155264', true, true, '2026-01-18 14:39:21.323154+00', '2026-01-18 14:39:21.323154+00'),
('4994a069-0b5a-4a39-b46a-b41aedb40818', 'ابو طارق', '0535798953', true, true, '2026-01-18 14:43:04.727648+00', '2026-01-18 14:43:04.727648+00'),
('13ddabff-eeb8-403d-ba8b-2a4a92f4c892', 'م. حمدي', '0548147078', true, true, '2026-01-18 14:47:13.45308+00', '2026-01-18 14:47:13.45308+00'),
('f84b1fb5-9c66-4a2f-be25-62f1ee688190', 'م. محمود', '0533101450', true, true, '2026-01-18 16:56:21.288303+00', '2026-01-18 16:56:21.288303+00'),
('628121f3-07c8-4ed7-b290-1933045720be', 'لم يرد', '0580566180', true, true, '2026-01-18 17:02:03.972173+00', '2026-01-18 17:02:03.972173+00'),
('30fa78c8-40c9-487f-9b61-67f914ec5537', 'لم يرد', '0500543234', true, true, '2026-01-18 17:06:17.335564+00', '2026-01-18 17:06:17.335564+00'),
('de914e73-ec80-4c20-99fe-5cd398cff760', 'ابو حسان حارس', '0597381713', true, true, '2026-01-18 17:11:09.025434+00', '2026-01-18 17:11:09.025434+00'),
('b8fa75f9-6486-4d03-89fe-0775a36c27e7', 'ابو أيهم مشرف', '0502922659', true, true, '2026-01-18 17:16:51.043004+00', '2026-01-18 17:16:51.043004+00'),
('d3c6e77d-0949-4113-9a94-9a196217aa4f', 'محمد عبيد', '0556958323', true, true, '2026-01-18 17:29:14.728055+00', '2026-01-18 17:29:14.728055+00'),
('023e5d67-c639-4685-af52-fdf23fe47a4c', 'م. ايمن', '0552442515', true, true, '2026-01-18 17:33:32.327269+00', '2026-01-18 17:33:32.327269+00'),
('96149e2c-7d4a-4fef-bff7-000115bb7cc3', 'م. رامي', '0591115526', true, true, '2026-01-18 17:44:55.827431+00', '2026-01-18 17:44:55.827431+00'),
('768bc8f1-e274-487b-b579-e50127aba468', 'صالح غريب مشرف', '0551192925', true, true, '2026-01-18 17:49:44.282276+00', '2026-01-18 17:49:44.282276+00'),
('dbb319cf-1114-4bb5-8997-669ae6adbd86', 'لم يرد', '0530145277', true, true, '2026-01-18 17:53:58.796539+00', '2026-01-18 17:53:58.796539+00'),
('e8bba952-bcf3-4d38-a19f-9379a562c617', 'م. هشام', '0566445804', true, true, '2026-01-19 16:02:43.402326+00', '2026-01-19 16:02:43.402326+00'),
('f5538f6d-8d80-4465-bafb-aca65f880768', 'لم يرد', '0558038666', true, true, '2026-01-19 16:10:16.985805+00', '2026-01-19 16:10:16.985805+00'),
('057c6a00-f8dc-4134-ba66-85403f3d992b', 'م. ابو فيصل', '0553155468', true, true, '2026-01-19 16:15:58.880063+00', '2026-01-19 16:15:58.880063+00'),
('b0a17b50-8169-4ec2-a60f-e8a7a18aed45', 'ابو عبدالرحمن', '0551550942', true, true, '2026-01-19 16:20:04.761684+00', '2026-01-19 16:20:04.761684+00'),
('c91bfd91-9e6d-4a4f-b044-5b0bcaebaecb', 'ماجد مشتريات', '0535303008', true, true, '2026-01-19 16:24:12.8345+00', '2026-01-19 16:24:12.8345+00'),
('eb748f94-3462-418a-8f6b-237d2279b66f', 'ابو نايف', '0555460811', true, true, '2026-01-19 16:28:29.315959+00', '2026-01-19 16:28:29.315959+00'),
('eb5ee413-1780-4cd8-b108-78f61740a294', 'م. محمد', '0597000387', true, true, '2026-01-19 16:31:36.990994+00', '2026-01-19 16:31:36.990994+00'),
('08884c00-cc6d-4b86-8296-be850253c6fb', 'لم يرد', '0506252222', true, true, '2026-01-19 16:34:44.948346+00', '2026-01-19 16:34:44.948346+00'),
('660e9cb1-e51a-4aa5-b65e-bf22d5c447e2', 'م. عبدالله الخضيزي', '0592399975', true, true, '2026-01-19 17:37:58.237404+00', '2026-01-19 17:37:58.237404+00'),
('971cb2f8-3c38-4602-85a6-b62388450c0e', 'تامر مشتريات', '0550408547', true, true, '2026-01-19 17:41:16.429887+00', '2026-01-19 17:41:16.429887+00'),
('87b0c9d2-2653-494c-adbe-3ae8e06a38af', 'ابو فهد', '0555133155', true, true, '2026-01-19 17:44:33.015867+00', '2026-01-19 17:44:33.015867+00'),
('ccaac7c9-5cc7-41fb-94ab-af853d1704a2', 'م. محمد', '0502181362', true, true, '2026-01-19 17:47:29.526089+00', '2026-01-19 17:47:29.526089+00'),
('9fb9257b-a0eb-4642-ab73-06244d4f7d64', 'م. محمد', '0503841333', true, true, '2026-01-19 17:53:18.943221+00', '2026-01-19 17:53:18.943221+00'),
('a4b972ad-90b3-475f-aa3a-0844919deadc', 'لم يرد', '0558070106', true, true, '2026-01-22 15:44:47.170853+00', '2026-01-22 15:44:47.170853+00'),
('5caf2d04-8197-4184-81e5-50ca58ddf496', 'ابو وائل', '0538277614', true, true, '2026-01-22 15:47:32.657433+00', '2026-01-22 15:47:32.657433+00'),
('7baf19d3-c64c-429a-802f-3b16e9d5ec24', 'محمد فواز', '0566644770', true, true, '2026-01-22 15:50:59.505285+00', '2026-01-22 15:50:59.505285+00'),
('a0c54323-4918-4a5b-9206-fc528f37e25a', 'لم يرد', '0590990008', true, true, '2026-01-22 16:31:11.36086+00', '2026-01-22 16:31:11.36086+00'),
('d7f1437f-9c96-42d9-a38f-0a662ab6a070', 'م. صالح', '0540817883', true, true, '2026-01-22 16:37:50.731292+00', '2026-01-22 16:37:50.731292+00'),
('ebf8900c-1e66-4010-af7f-1286e577b9d3', 'م. عدنان', '0566822877', true, true, '2026-01-22 16:43:45.642942+00', '2026-01-22 16:43:45.642942+00'),
('a8edf175-722e-4f7f-86c3-7dc417323e61', 'لم يرد', '0536351007', true, true, '2026-01-22 16:47:18.854794+00', '2026-01-22 16:47:18.854794+00'),
('a640b381-5f99-47f8-8ca2-9ded8dc65e57', 'م. نضال', '0532929268', true, true, '2026-01-22 16:50:22.476689+00', '2026-01-22 16:50:22.476689+00'),
('d9e9386d-c185-4385-8f8f-e7cecad7a4a8', 'لم يرد', '0502345481', true, true, '2026-01-22 16:53:47.680324+00', '2026-01-22 16:53:47.680324+00'),
('f057119a-da40-46fd-b277-d4a8a751af56', 'لم يرد', '0501206599', true, true, '2026-01-22 16:56:04.891491+00', '2026-01-22 16:56:04.891491+00'),
('bfcfa1c6-3eea-4f64-a036-12bb4c8ca7cb', 'م. أدهم صوان', '0535554746', true, true, '2026-01-22 16:58:54.762176+00', '2026-01-22 16:58:54.762176+00'),
('4a15869b-69b0-40e0-8761-d0f752c9db76', 'م. محمود', '0551256520', true, true, '2026-01-22 17:06:49.756492+00', '2026-01-22 17:06:49.756492+00'),
('5ca159bb-2d55-4dae-a1a8-666a4017a376', 'م. احمد', '0557000144', true, true, '2026-01-22 17:11:14.035118+00', '2026-01-22 17:11:14.035118+00'),
('e7291b26-ca59-4951-bd40-db7a7bced577', 'م. عمار حجازي', '0505318811', true, true, '2026-01-22 17:15:35.497046+00', '2026-01-22 17:15:35.497046+00'),
('2f9d2700-2654-4b04-901c-09bbd915be2c', 'لم يرد', '0557605004', true, true, '2026-01-22 17:20:40.403526+00', '2026-01-22 17:20:40.403526+00'),
('940a66b9-de39-42b8-b72e-9b0c052298ed', 'م. مصطفي', '0506631058', true, true, '2026-01-22 17:38:00.860844+00', '2026-01-22 17:38:00.860844+00'),
('33eea4ab-1512-44ea-bf1e-ec39a6f98dc2', 'لم يرد', '0559869692', true, true, '2026-01-22 17:42:09.08001+00', '2026-01-22 17:42:09.08001+00'),
('2bf3c67c-06e3-474a-b311-e56db624e066', 'لم يرد', NULL, true, true, '2026-01-22 17:45:51.799581+00', '2026-01-22 17:45:51.799581+00'),
('699c631d-2f94-4442-8ef1-eb0ed10d152c', 'م. عبدالمجيد', '0540960963', true, true, '2026-01-22 17:49:20.58364+00', '2026-01-22 17:49:20.58364+00'),
('25953707-781e-4571-8c98-a6780ea81f15', 'م. فيصل', '0555404333', true, true, '2026-01-22 17:53:38.378918+00', '2026-01-22 17:53:38.378918+00'),
('9e1d30fa-74a2-4761-b7d0-e6bd15af922e', 'لم يرد', '0537125085', true, true, '2026-01-22 17:56:15.478786+00', '2026-01-22 17:56:15.478786+00');